OPEID,PFTFAC,LOCALE,UGDS_WHITE,INEXPFTE,GRAD_DEBT_MDN
130500,0.9789,21,0.3752,93146,12782
215500,0.8653,12,0.4527,49500,6500
142600,0.7395,12,0.4705,107982,13774
270700,0.5344,11,0.3874,80944,23000
262700,0.8598,21,0.4597,52224,7500
217800,0.9891,12,0.3677,62770,14990
340100,0.8821,12,0.4355,33278,15500
177400,0.8204,11,0.4491,83779,12500
113100,0.9462,12,0.2787,92590,11812.5
337800,0.7158,11,0.4543,49018,21500
117000,0.9126,21,0.4277,25915,13500
292000,0.9447,12,0.4775,50756,7500
257300,0.7964,33,0.4804,25102,12000
3946300,0.7593,21,0.5599,30582,16125
117300,0.9712,21,0.4269,37082,9788
353500,0.8207,11,0.5826,79372,13000
173900,0.8196,13,0.5263,37339,18900
211500,0.8988,21,0.4191,25196,11706
271100,0.9053,13,0.4209,23818,12034.5
117100,0.8796,21,0.4389,30078,26000
271000,1,11,0.3333,21635,18250
360400,0.7844,11,0.3794,40056,9641.5
131200,0.7115,12,0.2758,18988,14200
207700,0.8777,11,0.4516,77339,16250
242400,0.7628,33,0.0303,8966,30362.5
337000,0.8745,21,0.4183,32124,18100
252000,0.6222,21,0.5539,105933,20500
369100,0.8709,32,0.6501,24640,17500
221900,0.6495,21,0.575,21543,18000
144500,0.5175,11,0.5813,31102,17000
132800,0.5714,11,0.3644,43170,21500
131500,0.6872,11,0.2784,40020,16126
222900,0.8231,31,0.5557,39712,13211.5
376800,0.7434,32,0.8298,31496,21500
202600,0.7651,11,0.0223,5681,23590
184000,0.8777,21,0.7067,26632,21250
291800,0.9624,21,0.6907,19228,16385
158700,0.6883,12,0.0214,13491,38185
2053000,0.6263,13,0.5121,2350,23250
234000,0.908,32,0.6499,26922,17500
289500,0.8413,21,0.5885,29919,16725
270800,0.6331,11,0.5501,21263,16725
376600,0.6173,12,0.0023,6339,33450
3982300,0.9444,11,0.6696,20566,25625
156600,0.9224,31,0.0373,5226,36250
301100,0.1818,11,0.7761,5809,27000
324200,0.9375,11,0.3538,31807,25250
327400,0.8538,21,0.6436,28622,14000
306500,0.9626,32,0.7371,22319,19000
884800,0.3386,41,0.3788,3151,23250
270100,1,32,0.6723,22975,16114.5
212100,0.7192,21,0.3863,14110,27000
272800,0.8941,41,0.6423,30436,15300
3088800,0.3393,11,0.6979,10380,29125
156400,0.6659,21,0.4072,40450,19000
329000,1,21,0.014,8047,31326.5
727300,0.4467,11,0.2503,8733,11000
202900,0.5755,11,0.7138,21627,27000
186800,0.8402,33,0.5844,23944,10876.5
203900,0.8296,33,0.601,19918,19195.5
710800,0.8747,11,0.0074,12073,5500
117400,0.7168,21,0.4906,28832,13749.5
238300,0.3056,41,0.7452,3426,26259
297400,0.8499,13,0.6517,25710,16149
702200,0.4649,11,0.0691,9882,10000
374500,0.937,23,0.6117,16988,19633
371400,1,12,0.0246,8563,27000
328400,0.8526,21,0.6819,21109,25185
169400,0.7487,11,0.0232,15606,30269
222400,0.8564,21,0.4153,34705,9000
323800,0.9766,32,0.7885,20198,27000
114300,0.6649,23,0.5872,9610,19166
125200,0.8444,21,0.3799,6137,26000
339600,0.94,13,0.6376,10092,27000
374400,0.6634,12,0.5901,16287,19935
219900,0.7385,11,0.4913,15593,28501
232500,0.8135,12,0.6196,22728,20495.5
381900,0.2558,13,0.6615,5986,23250
340900,0.3348,12,0.3193,23184,27000
308600,0.9122,31,0.6977,28894,26000
370500,0.8231,23,0.5895,13546,19500
342900,0.9231,12,0.721,6594,20750
131700,0.8368,11,0.2247,24195,19000
156900,0.9686,11,0.5308,13216,24250
195500,0.8586,32,0.6278,14851,6056
212800,0.5956,13,0.6075,20571,19000
328900,0.8161,13,0.6736,20469,25000
115100,0.5229,11,0.3501,6812,15998
213000,0.6284,11,0.4564,26542,27000
268900,0.3387,11,0.2954,9116,10053
160600,1,31,0.3739,12569,8291
213300,0.6506,13,0.4853,14961,27000
386900,0.9155,11,0.4944,7872,28134
349503,1,21,0.7,3929,20199
268700,0.4573,11,0.3485,8934,10456
153701,0.9735,12,0.6751,5642,19500
278500,0.4219,11,0.356,30237,23300
113900,0.4885,11,0.1998,7681,15446
1014900,0.5633,21,0.4496,11639,26500
357600,0.6261,11,0.2826,6839,25000
195100,0.9032,43,0.9696,4412,16495
132000,0.8347,22,0.3654,11314,16800
235800,0.7787,11,0.6595,19210,23747
265400,0.6796,33,0.5587,9260,16006
1205900,0.8519,43,0.783,4851,27592
134800,0.8646,21,0.7525,14527,26849
223800,1,31,0.2732,12620,27750
159600,0.5506,41,0.7757,4983,23750
475900,0.3917,11,0.0663,8699,9500
269300,0.3514,11,0.2028,8629,10092
281400,0.7806,23,0.6286,19668,19500
133900,1,12,0.7868,5702,25000
131400,0.8147,12,0.1607,18713,17000
280300,0.8552,13,0.6172,19069,27500
314100,0.2973,41,0.0027,5631,18786
302600,1,41,0.0139,6499,39793
381000,0.6667,32,0.8483,5042,21200
2280900,1,32,0.6564,4572,33500
694100,0.4231,21,0.4563,5122,27121
268800,0.3997,11,0.1584,13370,11551
350700,0.3378,11,0.5781,8870,33125
364500,0.5939,11,0.3085,10124,25000
153600,0.7553,21,0.4257,28897,21500
302400,0.8101,11,0.5319,30078,24250
380900,1,32,0.8437,6763,19500
290800,0.7117,31,0.5842,7130,27000
270400,0.2472,21,0.0595,5731,22175
108600,0.8194,13,0.0431,7827,27728.5
321700,0.9689,11,0.591,22586,16000
243300,0.9388,32,0.0042,4765,25966
363000,0.8173,32,0.0437,6662,28554
365800,0.9071,11,0.4603,16749,22159.5
2328900,0.8,13,0.7454,7013,17000
407215,1,13,0.1779,7663,22750
269000,0.4037,11,0.3189,8503,11000
138000,0.898,13,0.6473,10530,24500
318500,0.777,11,0.5495,15982,26000
243900,0.7629,12,0.0045,5457,32750
131300,0.852,23,0.2967,22820,14833
323700,0.7328,21,0.3638,27370,25000
200400,0.5271,11,0.0033,12378,35000
228800,0.8182,21,0.5277,5084,23529
121500,0.871,11,0.148,11966,27000
256700,0.6154,33,0.6667,5525,26540
679100,0.3681,21,0.5549,10439,22844
380300,0.7854,13,0.7304,19220,17500
187100,1,33,0.5983,10604,25538
283800,0.6131,21,0.3756,20564,19351
382600,0.7117,22,0.5816,7417,23250
395500,1,13,0.6625,6022,18750
284600,0.5352,21,0.6504,10550,19500
124900,0.7033,11,0.5111,17405,23231.5
106100,0.5942,11,0.5309,11261,23250
293600,0.6236,11,0.0036,7593,31142
897600,0.6736,21,0.189,5578,26250
380600,1,32,0.7354,5771,27000
314700,0.3333,32,0.1917,4240,26350
298100,0.7231,32,0.7965,7845,21810
206800,0.5091,11,0.0147,8576,19500
398100,0.7611,12,0.7289,22850,26922.5
295000,0.7201,12,0.0623,10349,31000
349900,0.9545,13,0,4728,33170
201500,0.7423,11,0.5531,8102,16989
260900,0.3008,21,0.7123,16320,21500
142800,0.6088,13,0.1125,11129,28500
342400,0.7093,32,0.0146,7699,29600
263900,1,21,0.6397,13732,27532.5
144400,0.4827,11,0.5835,20938,25350
152100,0.9928,13,0.6056,4482,22500
200600,0.9237,32,0.0148,5199,37524
283600,0.6888,22,0.5498,11395,20000
104700,0.385,41,0.5132,5643,25000
194500,0.5909,42,0.689,4448,25500
375300,0.9848,32,0.8141,12896,24100
113700,0.4618,21,0.2397,7739,14944
254700,0.4366,11,0.7261,10440,17625
148800,1,13,0.7232,6879,24873
206700,0.2827,21,0.0987,10322,27000
123600,0.2772,21,0.3354,7655,22746.5
396900,0.8302,11,0.7037,13558,20500
266300,0.7115,11,0.3621,11745,19576
232200,0.6029,33,0.7004,8519,27500
339900,0.3539,22,0.8256,8285,26247
2069000,0.0574,11,0.4844,19412,24000
153500,0.8494,12,0.5783,15962,15000
677100,1,11,0.585,11285,27000
196000,0.5372,21,0.665,7192,25000
349400,0.3571,41,0.7821,3784,12500
143400,0.5841,11,0.5765,12620,24589
294800,1,21,0.5734,4666,27498
295600,0.6154,12,0.6684,3805,20427
146600,0.4308,21,0.2004,9969,28250
212400,0.6282,13,0.6048,13120,27000
356000,1,11,0.6101,8737,22638
1039500,0.4862,11,0.5421,13897,22750
348500,0.3758,31,0.6504,5404,21875
121600,0.3607,21,0.2389,6518,24894
381300,0.6147,33,0.7054,6565,26000
303500,1,11,0.6067,5335,28713
285800,0.3061,21,0.6044,9828,15958.5
965100,0.6395,12,0.0186,5524,14929
695100,0.9678,22,0.5667,6624,23000
294900,1,31,0.4862,2935,27250
367000,0.747,12,0.832,15124,11000
116400,1,12,0.6049,14025,21000
373800,1,32,0.7838,6590,24185
295500,0.6038,42,0.551,6953,24000
371300,0.9217,42,0.8163,13194,26848.5
154400,0.894,13,0.0485,6772,32555
350900,0.6618,11,0.5058,9720,25250
385000,0.381,32,0.625,7713,26212
125800,0.8818,41,0.2786,10227,28500
194300,1,31,0.6178,7833,24000
170800,0.9773,32,0.8047,5688,22750
196800,0.8601,32,0.2532,7500,30982
196500,1,32,0.6344,5343,26500
2169100,0.1944,22,0.7024,3164,21000
370400,0.7917,23,0.7568,5651,27000
356500,0.831,32,0.5113,7619,20250
284900,0.5909,32,0.6926,11263,22000
103300,1,12,0.0059,7701,27250
789300,0.4638,23,0.7387,5649,23677.5
210300,0.7758,21,0.5251,13487,19500
272200,1,11,0.6039,14019,25000
284800,0.5752,32,0.7777,10636,22500
157500,0.6182,32,0.5199,4104,16807.5
144800,1,11,0.0144,22663,27000
228400,0.8875,11,0.1657,7473,35500
353600,0.3985,32,0.8648,4227,18625
364700,0.7882,11,0.5623,20116,21967
362000,0.7012,21,0.6458,12803,26278
160100,0.8379,31,0.5208,6635,24250
663900,0.85,41,0.9508,7700,15250
150900,0.3767,21,0.3234,11457,25250
363600,0.9844,11,0.74,14768,22000
148000,0.9971,12,0.0329,9739,27750
284100,0.551,31,0.7232,11647,21500
264200,0.447,21,0.6563,11128,23250
292600,1,32,0.1446,9039,26000
190500,0.4933,32,0.706,7887,26050
156300,0.5663,32,0.7056,4819,27000
214600,0.432,11,0.6657,9633,24000
105000,0.9711,32,0.0035,14344,33500
195800,0.4286,13,0.669,6483,30500
338800,0.6186,21,0.7566,15732,26352
132600,0.5852,12,0.4841,12668,20500
358400,0.4791,13,0.6571,8285,28000
206500,0.4706,11,0.5681,10387,27000
359800,0.3377,11,0.133,8470,25000
395400,0.9739,21,0.5519,5687,18350
190800,0.2653,33,0.4294,3250,23375
176800,0.4485,11,0.484,8417,24250
361900,0.5435,31,0.241,10119,25000
348200,1,11,0.4466,6825,26500
167400,0.817,32,0.6974,13142,23250
186600,1,43,0.641,7762,24900
284700,0.5606,33,0.7894,8942,22500
141700,0.9636,21,0.6168,22554,21500
160400,0.6378,43,0.7636,8794,26000
332900,0.7536,13,0.7053,17872,27000
292800,0.9845,12,0.1746,8035,21278
244700,0.5594,13,0.6008,6703,21376.5
353700,0.8667,12,0.6739,8741,25985
154000,1,31,0.3916,2949,21562
166400,0.9018,21,0.6894,5821,25000
169100,0.5384,11,0.3326,12262,27000
173700,0.7776,23,0.5811,12837,23347
342700,1,32,0.5185,6067,30112
105100,0.7045,13,0.7825,10239,23750
285100,0.7365,12,0.8359,15092,20450
238200,0.7167,32,0.7662,16837,27000
342500,0.8454,21,0.8348,11952,21830.5
297200,0.8801,11,0.7467,13745,20500
3941300,0.9851,42,0.6663,9458,22500
104100,0.6822,12,0.6733,7460,27000
114400,0.4892,21,0.2023,7308,18500
153800,1,11,0.5946,5784,26000
154700,0.1782,32,0.3989,5833,30638
364200,0.7176,11,0.019,9693,31000
244900,0.3571,11,0.6101,6966,26625
343600,1,31,0.4245,5196,28750
256300,0.9306,11,0.5957,10177,27000
220800,0.3197,11,0.6752,13365,26250
324300,0.4022,12,0.671,9713,29183
2106400,0.2558,13,0.7396,8418,27250
361300,0.6689,21,0.6579,16035,22500
363100,0.5425,33,0.7081,6957,20500
100200,0.8967,12,0.0333,7437,33888
319100,0.1507,11,0.6533,2545,25000
285300,0.6224,11,0.7241,11637,26500
1164900,0.5248,11,0.4672,15175,22500
963500,0.9811,21,0.0952,6843,17250
193900,1,11,0.6641,4415,20216.5
115300,0.4445,11,0.2446,6730,15000
214500,0.2883,21,0.5323,6285,24362
248000,1,13,0.6027,4135,27000
147800,0.6173,11,0.0367,4413,32550.5
309000,0.657,11,0.7194,16075,21959.5
279800,0.146,11,0.4137,14711,26691
337900,0.7472,11,0.7571,16522,26813.5
1026600,0.339,21,0.5664,4695,19000
153700,0.9514,11,0.5279,8841,19500
284400,0.548,32,0.7839,10948,24750
288200,0.6722,12,0.5534,15192,27000
100500,0.6539,12,0.0158,7618,33118.5
295100,0.1978,13,0.2994,5527,22555
1055400,0.6389,32,0.028,6755,32000
934400,0.9169,21,0.6347,9581,22500
301800,0.7012,31,0.7748,8710,26000
101200,0.6419,12,0.7983,10658,27000
157700,0.5656,21,0.6082,6167,22750
332800,0.7163,21,0.7957,7851,23875
343100,0.9419,13,0.6277,6560,27000
251200,0.9804,12,0.6852,9552,27000
202500,0.9412,12,0.0244,6523,31271.5
344500,0.9714,32,0.8062,10008,25875
3440300,0.9877,11,0.5158,9268,30000
166600,0.6045,21,0.5533,8701,25000
292700,0.7301,22,0.8222,15016,23951
159400,0.7377,11,5E-04,10845,26996
179900,0.7128,13,0.6769,11031,20671
159900,0.7966,13,0.5208,6493,25247
208000,0.2585,11,0.5218,13752,27000
285400,0.7325,33,0.7957,10105,14750
354300,0.9583,13,0.555,12064,26000
201100,0.5878,41,0.717,7243,16021.5
173500,1,11,0.4984,6923,26500
385400,0.1667,41,0.655,5134,26915
174800,0.419,12,0.6706,6256,25700
132900,0.5428,11,0.2985,18824,23370
178500,1,13,0.7996,8594,27000
182400,0.3462,32,0.7273,6119,16973
206200,0.5208,21,0.0239,6933,22927
379800,0.7179,11,0.4332,24561,15797
156100,0.606,12,0.5206,7509,25039
157800,1,32,0.6922,12322,27000
185400,0.6,12,0.7652,12068,27000
354500,0.809,12,0.6402,14139,25131
148900,0.8261,12,0.6576,9688,20887
1203100,0.2459,21,0.4574,7034,20000
2159600,1,32,0.7996,6018,20052
348600,0.9796,11,0.7663,9956,20500
168400,0.9412,32,0.7592,7370,21500
132100,0.6955,13,0.3465,8835,19884
159800,0.8847,12,0.7228,8634,19000
203100,0.8079,12,0.6774,5433,20250
283500,0.5671,13,0.5126,13815,21489.5
364100,0.6667,31,0.5441,8384,27000
370600,0.6292,12,0.7531,8550,25000
294600,0.6923,12,0.5122,7680,27000
356400,0.7172,32,0.6306,8050,26000
301600,0.9167,32,0.8516,8685,27000
1167800,0.5122,22,0.7868,9924,17500
285900,0.5878,42,0.6833,10657,20000
170900,0.3364,32,0.4814,3991,12000
349500,1,41,0.8905,5568,20199
182100,0.4749,11,0.7304,12364,27000
371500,0.6429,22,0.7126,15806,27000
290100,0.5143,42,0.6629,8376,27000
179200,0.8853,32,0.6924,18608,25000
320600,0.3125,11,0.811,5142,23500
349600,1,13,0.8084,4855,21260
143300,0.4516,13,0.4186,6592,31000
711300,0.1714,11,0.6016,6537,22500
344000,1,32,0.5892,6619,27000
357100,0.6884,12,0.7126,10505,25864
187900,1,13,0.8275,5590,27000
188000,1,12,0.8391,8414,23489.5
141702,1,12,0.4266,6037,21500
263800,0.3517,12,0.1997,8356,25000
389500,0.8165,12,0.7705,14367,22805
346700,0.7083,33,0.6525,5930,25000
109300,0.3671,13,0.6701,5018,21500
290500,0.6745,11,0.0442,8997,28500
118300,0.2293,11,0.2087,8413,27000
154001,0.5636,32,0.5574,5734,21562
241400,0.7807,12,0.7454,14341,27000
345000,0.6364,31,0.5994,6669,23292
639900,0.5,11,0.9133,11644,24280.5
129100,1,13,0.6207,6351,16666
227900,0.3181,13,0.4893,9838,27000
348000,0.9685,32,0.5015,6356,25053
280600,0.675,21,0.6457,17731,27000
252600,0.6345,33,0.8007,7695,27000
158800,0.5484,32,0.7309,7524,23958
260000,0.3416,21,0.3666,11114,23000
169300,0.6108,11,0.3579,12341,14293
299400,0.6667,33,0.6922,10193,18951
246000,0.6341,43,0.739,6034,23702
343500,0.5294,32,0.5861,5161,27000
379900,0.9691,23,0.6992,10535,27000
283700,0.6074,21,0.4868,15806,19500
335300,0.99,11,0.3973,12724,27000
336000,0.2623,21,0.4205,5995,27000
129300,1,12,0.458,6750,25000
322800,0.6667,21,0.6458,12476,22294.5
352400,1,12,0.6069,1694,24500
381100,1,33,0.6341,7995,23840.5
131600,0.8362,11,0.1384,10948,19500
101900,0.4571,12,0.6388,6435,26230
102900,1,41,0.6479,6766,27000
207200,0.6859,23,0.5723,7315,22250
302900,0.9355,11,0.7359,5856,26350
362400,0.8064,41,0.5666,6816,25000
298400,0.6921,12,0.794,7955,20584
228200,0.3753,13,0.6371,7733,25000
341900,0.5845,13,0.6033,6179,27741
183000,0.9196,13,0.7582,20942,27000
323500,0.3077,21,0.6861,7453,26972
3255300,0.6576,21,0.6615,6069,18750
104400,1,13,0.0748,9567,38218
312700,0.633,12,0.7894,11646,26000
177500,0.7305,13,0.5071,13924,20500
193100,0.5,13,0.7855,4708,19822.5
303700,0.8009,32,0.7033,13239,26000
922600,0.7627,23,0.4521,8702,31250
284500,0.7291,32,0.7513,10471,20500
209900,0.5383,13,0.6335,5824,18500
110100,0.9821,12,0.5297,7485,21736
182500,0.9493,22,0.6579,16568,22500
114700,0.5096,11,0.231,6613,15993.5
157400,0.7763,11,0.2862,7241,23090
328500,0.2821,21,0.4603,8547,18750
344100,1,41,0.8223,5010,21500
362300,0.5916,11,0.1511,13438,27000
317400,0.6222,42,0.5968,6215,18187
103600,0.997,21,0.8183,14553,23000
210500,0.6955,21,0.442,9911,21943
370200,1,32,0.6112,10312,25000
182700,0.9676,21,0.5584,7768,22028
291600,0.6,32,0.182,5071,32000
173400,0.5,12,0.7337,8701,25515
321100,0.9109,33,0.7336,9764,25322.5
115500,0.3872,11,0.2098,8357,15628
296000,0.415,12,0.5328,7565,25000
3957400,0.7739,13,0.7074,12918,15000
178600,0.8183,13,0.8189,10219,25000
247300,0.469,11,0.6154,10567,27000
351900,0.8618,11,0.7608,14453,27000
132500,0.3872,11,0.2927,15387,25000
298600,0.9853,12,0.1735,11194,27000
255300,1,32,0.6497,4805,25250
754000,0.2465,21,0.7362,4304,21250
373300,0.6519,21,0.7712,9850,27000
262901,0.5102,13,0.5499,14493,21745
169600,0.7354,13,0.7095,16167,27000
137800,0.485,21,0.6649,9928,22750
370800,1,13,0.7379,11522,21700
316400,0.674,32,0.7094,6153,26000
262900,0.5536,13,0.4327,18006,21745
245300,1,32,0.8034,10194,17093
984100,0.7785,11,0.6937,5572,17402
343200,0.7439,42,0.661,7868,27000
175000,0.4248,21,0.4076,10312,25000
141600,1,12,0.2512,8099,27000
196900,0.5802,13,0.6845,5301,23567.5
297600,0.8109,11,0.5457,8999,22864
381800,0.5723,13,0.6616,6776,21940
223500,0.888,31,0.799,13911,27000
155400,0.835,23,0.8305,12558,24000
113300,1,12,0.5098,8294,23000
298900,0.5762,33,0.7758,10550,19500
367800,0.7741,33,0.7909,7872,13237
347700,1,11,0.7414,10033,21426
200700,1,23,0.6614,9049,23743.5
114000,0.4507,11,0.0757,6587,13645
250600,0.6116,11,0.6652,18230,25500
172200,1,21,0.6909,5719,24447.5
210600,0.6037,31,0.1017,8675,27000
345800,0.8438,12,0.8672,10732,27000
219000,1,12,0.7178,6651,19500
986200,0.791,11,0.751,9543,26000
191800,1,11,0.7043,5679,24500
222100,0.7878,21,0.6793,13886,24300
359100,0.9873,12,0.5561,9561,25000
365600,0.6226,11,0.4139,6322,18750
108800,0.7119,33,0.742,10540,25000
230800,1,42,0.7735,5426,27000
192900,0.661,33,0.7372,5154,25000
284200,0.463,11,0.5641,9777,21500
146900,0.9968,13,0.4023,12044,26987.5
933300,0.6067,12,0.6595,10299,19500
218100,0.6,22,0.8832,8702,27000
273200,0.464,21,0.5643,16162,23500
359200,0.7605,12,0.5508,8527,22500
184600,0.9565,13,0.7718,6604,24000
337100,0.494,11,0.5822,12889,25999.5
3011300,0.4613,21,0.323,8347,18000
250200,1,32,0.8321,5389,20990
134200,0.6047,21,0.3128,11796,25000
223400,0.5109,32,0.728,8616,27000
277700,0.2334,11,0.6066,6770,25000
170700,0.368,21,0.6554,8524,25000
147300,0.6438,12,0.7482,5278,20250
382721,0.79,41,0.7462,6765,23969
974100,0.7414,13,0.388,10407,19000
216100,0.5407,21,0.6564,10748,25000
110800,0.8714,13,0.7798,9069,21500
210200,0.4873,11,0.3383,9029,20500
380800,0.6304,41,0.5447,7689,28549.5
304900,0.5503,31,0.682,9183,27000
294400,0.5823,21,0.6877,5625,27000
269900,0.8443,33,0.8345,13300,27000
325900,0.3109,21,0.5136,8357,25872
218500,1,13,0.7501,5518,23979
210700,0.2907,41,0.5614,9166,25803
710900,0.423,21,0.3082,9875,15609.5
348100,0.5265,23,0.843,7223,24648
351100,1,22,0.8273,6417,23500
212300,0.2599,12,0.6937,6358,26000
282300,0.434,11,0.338,11325,25910
258600,0.3317,13,0.7865,6657,25500
383100,0.4,13,0.7657,6981,27000
290600,0.7387,32,0.8582,7384,20000
232600,0.5857,13,0.6994,9576,25750
315100,0.3153,32,0.6574,6009,21276.5
172400,0.7041,13,0.7354,8907,27000
262902,0.6035,11,0.256,13707,21745
109800,1,32,0.6569,6495,19586
359900,0.9275,13,0.0308,5949,12036.5
271300,0.3348,21,0.3338,7330,27000
252400,0.589,21,0.768,9847,26625
295300,0.2109,11,0.4466,4406,23500
322400,0.5631,11,0.625,10653,24906
365200,0.8564,11,0.2718,7993,19702.5
239400,0.641,32,0.8751,6581,23664.5
241500,0.5043,21,0.6625,7825,26145
212200,0.2379,21,0.5756,6300,22878.5
265100,0.5909,33,0.4631,6199,15750
157200,0.8999,32,0.6267,6032,22500
171000,0.5031,11,0.6028,11731,25000
262100,0.6114,11,0.3284,9177,21500
259700,1,21,0.0983,8240,30500
387500,0.8772,33,0.8052,9723,27000
238900,0.9524,33,0.6395,8474,19157
345100,1,13,0.6958,8475,25000
253400,0.6765,12,0.7708,7204,25626
3101900,1,11,0.6278,2512,16343
146700,0.7138,13,0.019,6759,36250
181100,0.3576,41,0.8831,5445,21172
141705,1,22,0.6716,14517,21500
259800,0.8929,21,0.4229,6637,26040
335400,1,11,0.5924,9712,27800
316500,0.982,11,0.71,7261,24500
278200,0.2857,21,0.1885,14043,24187.5
297500,0.724,11,0.6048,9126,23187
368400,0.9773,13,0.7207,8502,27000
319300,0.9355,33,0.7611,7027,22466
294200,0.9359,22,0.0031,4591,41000
251800,0.6056,11,0.5735,15441,20605
234600,0.8889,22,0.8397,10948,27000
164100,0.5891,12,0.7014,14726,27000
2136600,0.9359,11,0.834,8970,25000
299000,1,33,0.8002,7858,27000
236500,1,11,0.576,12923,26875
180100,0.9608,32,0.8169,11611,27000
167800,0.5946,31,0.839,6400,25375
246300,0.592,12,0.7679,6895,22062
306900,0.3939,21,0.7108,9102,30500
304100,0.4433,32,0.7715,6875,27000
934500,0.5237,22,0.7307,8487,21500
3724300,0.4949,13,0.4174,9059,31000
331300,0.4187,21,0.7061,13704,28000
200800,0.8294,32,0.705,6006,20500
162400,0.9925,22,0.76,8351,25500
223900,0.3975,12,0.8449,6096,25000
163900,0.6,32,0.8201,7214,26000
136000,1,11,0.5972,5132,24620
383200,0.4015,11,0.5269,7920,32606.5
344800,0.7023,12,0.7725,10729,23000
208300,0.8473,11,0.0204,9454,31000
134500,0.479,33,0.5071,8399,16255
144300,1,11,0.5614,35595,17750
359400,1,12,0.488,8373,20000
303000,1,32,0.5487,4315,26736
337903,0.75,33,0.7278,8486,26813.5
340700,1,21,0.6315,7544,21500
344900,0.6188,21,0.5911,6588,26250
313400,0.3553,21,0.647,11842,28000
200300,0.5566,12,0.6807,13193,25000
376500,1,12,0.0507,7830,31000
372100,0.7621,13,0.7753,8505,20500
919200,0.2653,32,0.7299,6701,23000
369200,0.4877,32,0.7833,7955,27000
141704,0.9697,22,0.5409,4571,21500
307700,0.9699,31,0.7984,10181,25000
278800,1,21,0.7121,7464,25000
281600,0.6696,21,0.8029,10563,27000
2066200,0.1948,11,0.3374,13249,24384
140200,1,21,0.7678,14176,26000
274800,0.4506,12,0.7933,10173,26248.5
115400,0.504,11,0.2195,8331,17501
332700,0.853,32,0.8601,7365,25250
203200,0.8945,11,0.0402,8378,27000
148100,0.6664,13,0.4477,6869,16836
229000,0.8744,13,0.6813,14779,25458
364400,0.8597,12,0.6116,7046,22500
234300,0.4565,13,0.8354,8096,21500
316300,1,33,0.6418,6769,14290
196200,0.4771,33,0.7706,4353,16382.5
2270600,0.1964,21,0.5365,3228,21500
252300,0.7379,32,0.6532,6678,27000
183300,0.6304,32,0.8063,6227,27000
125100,0.1327,11,0.2376,14922,27000
180400,0.9887,11,0.669,8185,27000
381200,0.9154,32,0.8602,6375,22529.5
275800,0.4902,11,0.5621,10328,26000
2141500,0.7881,12,0.5588,10192,27000
236000,0.6381,13,0.7797,6040,22997
125300,0.8537,11,0.3681,6076,19972.5
231800,0.2397,23,0.7568,7358,25000
374900,0.5395,21,0.4494,12466,20000
999200,0.4167,33,0.879,8270,19125
352500,1,32,0.8094,5304,18750
386300,0.5588,11,0.7367,10161,27000
158000,0.9788,12,0.4753,10757,25000
244100,0.7628,13,0.6135,8219,25000
372000,1,13,0.7335,10266,27000
261700,0.3631,21,0.4565,9110,23000
208600,1,31,0.711,9008,25995
237500,0.5238,33,0.8241,5745,22500
398200,0.4206,11,0.7005,12963,29000
230700,0.5169,21,0.7533,7654,25000
292900,1,32,0.6894,5645,23988
332916,0.549,21,0.8226,6227,27000
4127100,0.8678,41,0.1412,7748,19500
234200,0.5755,11,0.6523,10127,28065
181400,0.5268,13,0.8407,5500,19052
712100,0.5143,21,0.9267,6877,17500
288500,0.7891,13,0.6375,12450,26144
366500,0.7772,31,0.6159,6645,21374
388400,0.7416,32,0.8402,9719,27000
162600,0.7953,41,0.7725,11119,24428
377800,0.5997,12,0.7316,9857,25500
316700,0.6854,32,0.6355,7758,22274
211400,0.2005,12,0.4216,6417,27000
167600,0.4548,21,0.6971,8231,22000
316600,0.6226,11,0.6007,12219,23835
143100,0.9606,21,0.7517,17395,24195
220100,0.4211,21,0.0673,10992,32125
101600,1,13,0.7123,7218,21500
184700,0.181,33,0.8066,7185,23877.5
282100,1,21,0.8373,9198,24980
233400,0.4751,11,0.5846,9081,27000
154600,1,12,0.582,6105,21000
260800,0.4378,13,0.565,6982,25700
291300,0.4724,31,0.5681,11643,23992.5
178800,1,11,0.8283,13481,27000
219300,0.3913,13,0.5891,8297,27000
352800,0.499,13,0.703,8745,25000
308900,0.8067,31,0.842,12519,27000
386800,0.5175,11,0.6883,11075,27000
214400,0.2562,21,0.4857,7298,17184.5
195200,0.5185,31,0.8052,9212,25250
332500,0.6569,21,0.7673,8254,25500
336600,1,31,0.8183,8103,27000
2065300,0.8657,13,0.7004,7738,24398.5
280500,0.8729,21,0.7221,10621,21946.5
271200,0.6178,11,0.7433,9847,25500
374700,0.4785,32,0.7847,8272,20844.5
226600,0.9853,12,0.7866,6235,23438
189500,0.6774,33,0.6733,3447,20760.5
225900,1,21,0.6595,8398,26000
185000,0.8684,32,0.8972,13075,27000
703200,0.9362,21,0.6104,6311,17010
172500,0.6894,32,0.6432,10582,27436
232300,1,11,0.5622,13830,25000
754400,1,41,0.9643,4059,9300
391100,0.4345,13,0.9004,5846,27000
175300,0.2013,11,0.4039,13923,25000
178100,0.6782,21,0.7623,13157,22500
159100,0.7086,13,0.6253,5685,29000
179800,0.7241,21,0.8376,9207,27000
291000,0.5489,22,0.4065,4841,27000
186000,0.6667,12,0.7903,9898,24500
224300,0.6602,32,0.7954,8491,27000
214700,0.4026,11,0.7194,7602,27000
373600,0.7626,22,0.8263,9685,27000
321600,0.581,11,0.6014,8454,23368.5
306600,1,21,0.7648,5388,27000
266800,0.8276,33,0.6911,10968,27000
307300,1,31,0.7283,12859,27000
407200,1,13,0.6635,5582,22750
158500,0.6748,31,0.7778,4906,15000
337600,0.566,31,0.7834,7217,28000
126200,1,11,0.6176,8862,25000
190300,0.1374,31,0.7107,5319,25250
237100,1,21,0.8416,7434,22250
335000,1,11,0.6153,12486,27000
235400,0.4948,11,0.7232,7489,25500
265700,0.7524,22,0.3084,9196,18340
157300,0.7396,32,0.6277,6156,21500
178000,0.8979,33,0.6308,11581,24091
227500,0.8769,13,0.6171,15391,25936
254800,1,32,0.8326,8140,27000
256500,0.9254,11,0.7784,10896,21500
189300,1,43,0.6612,3549,21250
184400,0.9314,32,0.7465,15009,25000
258901,0.2857,12,0.7493,8302,27000
260300,0.5985,21,0.545,12802,27000
262200,0.263,21,0.3795,9932,24500
4095300,0.6,11,0.7324,12346,23250
281700,0.6652,33,0.6963,8189,27000
241000,0.6906,12,0.0415,7627,29500
110600,0.9688,42,0.8504,5047,19000
181300,0.6291,11,0.7186,15469,24147.5
185200,0.5742,13,0.8692,8648,26000
143600,0.1899,21,0.4507,6546,23000
180500,1,11,0.4047,3392,27013.5
218800,0.9891,21,0.6843,8666,25000
110200,1,32,0.8426,8934,23250
245800,0.7872,33,0.6431,20532,12000
231100,0.58,21,0.7765,10725,24750
282500,1,11,0.6263,8251,22143.5
335700,0.2305,11,0.7019,9247,27000
326200,0.7164,21,0.8632,13429,27000
350500,1,21,0.784,6739,27000
221100,1,12,0.8305,10507,24826.5
134900,0.6364,13,0.5633,8348,22500
262800,0.472,21,0.6445,13081,26174
114600,0.5236,13,0.4917,6913,16500
242300,0.8673,33,0.7217,7318,23537
363200,0.8763,13,0.661,14943,19000
326700,0.9694,21,0.8632,8417,26000
187400,0.7727,33,0.8465,13112,27000
345600,0.5581,13,0.5809,8526,27000
161100,0.7363,33,0.2273,13729,19197
180800,0.576,22,0.8581,6024,22866
110700,0.6942,33,0.6311,6436,17000
324700,1,21,0.9298,7079,27000
216000,0.8191,12,0.6833,9026,25000
341800,0.3765,13,0.8312,5479,27000
140600,0.4605,12,0.5757,11023,24099
196100,0.8811,32,0.8042,16874,27000
226200,1,12,0.7644,11797,27000
383900,1,22,0.7464,9053,27000
370900,0.6286,41,0.7623,10689,27000
307200,0.5164,13,0.8409,7392,25000
297900,0.6068,21,0.823,11700,23250
323000,1,32,0.7917,12779,29046
320800,0.9286,12,0.7927,4694,23750
336800,0.9561,21,0.8446,7509,27000
352700,1,32,0.7056,4227,28000
204300,0.4169,13,0.894,6040,26250
406900,0.9545,32,0.7974,6197,19500
304500,0.7817,32,0.8012,8270,23734
223600,0.6,32,0.8355,11731,27000
102400,0.5096,43,0.4421,7552,24253
248200,0.2214,21,0.7537,6558,24000
252100,1,21,0.6238,6722,25000
351000,0.7446,12,0.6596,8512,21743
230100,0.6817,33,0.8601,7460,22000
142200,0.4702,12,0.5819,12724,26960
198900,0.8198,11,0.7681,11208,21500
329300,0.704,13,0.756,8436,27000
218700,0.5172,31,0.7594,9487,25000
218400,0.5339,22,0.7458,8460,22650
346500,0.395,33,0.8139,7255,27000
382300,0.6473,41,0.8759,5416,24915
109000,0.7288,13,0.7372,5358,19250
266600,0.3175,21,0.5409,12729,25000
182600,0.9565,41,0.8158,5080,25000
301200,0.4511,31,0.7806,7174,27000
3106200,0.5032,12,0.6718,7026,25000
375400,0.9818,13,0.6967,11178,24250
115000,0.4741,11,0.3028,7426,16500
254200,0.6414,11,0.7257,13517,23250
195900,0.9349,32,0.7282,5694,18500
148700,0.7639,12,0.7711,11485,27000
302300,0.4485,21,0.7648,9208,27000
361500,0.7171,23,0.5104,6511,21358.5
371900,1,33,0.7777,7687,24588.5
218000,0.8409,11,0.6536,11227,26000
202100,0.9904,33,0.5513,5447,22375
450800,0.6694,11,0.5049,26708,21500
185900,1,33,0.7446,9273,23250
325800,0.4926,11,0.8303,10922,27000
352600,1,11,0.7122,6894,19500
132200,0.969,13,0.469,9254,27000
293000,1,11,0.5263,6394,26000
170000,0.3641,12,0.6194,6450,23500
224100,0.9843,12,0.7464,12897,26999.5
290700,0.7663,13,0.821,8967,21451.5
314400,0.5158,11,0.7236,10076,27000
295400,0.8117,32,0.3811,7060,21000
327500,0.2265,11,0.6333,8916,27000
371100,1,42,0.5473,6628,27000
181600,0.5848,12,0.7514,7553,25537
285600,0.5291,32,0.7301,8430,17492
353100,0.6578,33,0.7637,8384,24109
379000,0.6878,11,0.4458,15163,25000
346100,0.375,33,0.9007,5512,27000
369600,0.8066,13,0.8305,16893,21614.5
276900,1,11,0.5756,11003,23000
308300,1,31,0.8302,9277,27000
185600,0.9697,31,0.6617,10924,27000
360600,0.7554,32,0.54,5925,22208
199900,0.6319,21,0.763,15324,20493
196300,0.5946,32,0.8469,8940,23500
169200,0.703,22,0.7817,9858,22500
3071900,0.6395,11,0.8726,5951,19000
143700,0.5,11,0.6342,16368,26000
330200,0.3676,31,0.7776,5815,23508
296800,0.539,11,0.0128,6308,35198
329600,0.4142,13,0.7939,9623,27000
261600,0.4873,21,0.7627,8956,26250
746600,0.1085,11,0.5517,4380,26335
238000,0.2164,32,0.5514,5392,20500
310000,0.7237,32,0.8313,9704,21250
182000,0.7246,32,0.8405,8996,27000
100400,0.6552,21,0.7266,7972,23266
350200,0.6301,32,0.8718,12918,18000
377500,0.6563,31,0.6372,6934,20800
246100,0.9735,12,0.8222,6561,23454
177600,0.6696,11,0.3591,26053,18750
249500,0.8625,33,0.8074,9417,22250
174100,0.3583,23,0.7945,4911,25000
302500,0.7099,31,0.8712,9969,24994
337904,0.7959,21,0.7921,5824,26813.5
218900,0.447,21,0.7849,7305,23175
262500,0.9685,21,0.4484,10595,25000
204100,0.381,43,0.7437,6945,18500
324500,0.2582,11,0.4237,7351,27000
270900,1,21,0.351,8617,26000
332914,0.6377,32,0.6662,5823,27000
323300,1,13,0.6959,6818,27000
353000,0.8322,12,0.7979,22579,19998.5
150500,0.7059,13,0.4322,8399,18833
322300,0.6795,12,0.6191,12386,21500
317000,0.8791,32,0.7118,8602,20083.5
648700,0.875,13,0.8764,8729,19000
316100,0.661,33,0.5001,7917,17750
378500,0.6276,21,0.6778,11937,26800
298500,1,21,0.6368,8993,26500
304800,0.4882,32,0.7409,9017,29000
201700,1,13,0.7038,4921,20785
324100,0.3587,21,0.6837,7826,26000
311000,0.5483,21,0.7217,10325,27000
373500,0.6768,12,0.5095,12722,24151
112200,0.9884,21,0.5165,10696,24375
277500,0.2549,21,0.6259,13066,27000
384200,1,21,0.6993,7646,23476
229200,0.8792,33,0.8538,10843,26264
263200,0.924,21,0.5031,10660,25000
342300,0.6745,12,0.7697,9361,25000
648900,0.5968,11,0.8216,14194,20000
325200,0.4292,21,0.7778,8734,26551
251900,0.5005,21,0.622,9752,21113.5
312500,0.598,11,0.758,10072,23100
128100,0.2159,41,0.6844,6551,21500
155600,0.3535,13,0.4978,6985,27429
332910,0.5,21,0.6065,6147,27000
122000,0.3065,21,0.6184,7546,21250
1011500,0.7453,11,0.2607,6866,23348
327600,1,21,0.7311,5331,26020.5
130200,0.443,41,0.4564,12896,25750
708500,0.8679,32,0.8294,7324,26769
183900,0.4233,32,0.783,7598,26000
325600,0.5459,11,0.5555,14939,25500
180900,0.8611,13,0.7207,13730,23000
332915,0.5208,21,0.8136,5600,27000
210900,0.2432,23,0.7289,9518,27000
123800,0.597,11,0.4488,15534,23471
335900,1,21,0.753,7471,27000
384800,0.5357,12,0.7966,7616,26000
160200,0.8268,32,0.8462,7436,21500
391900,0.8681,13,0.8964,6871,23105
252500,0.2165,32,0.8273,6356,22282.5
215800,0.332,13,0.7446,6513,27000
248500,0.7917,11,0.8035,3641,19000
327000,0.2296,21,0.5894,8930,25556
308400,0.522,32,0.7897,8808,27000
137100,0.5539,11,0.6763,14380,23166
192700,0.903,33,0.7082,7276,20848
381500,0.7526,13,0.8521,8402,22705
157900,1,12,0.5535,20309,12350
114900,0.518,33,0.4738,8376,19553
249600,0.8523,33,0.811,7972,25375
148200,0.74,21,0.8126,9075,13000
261300,1,12,0.2442,10075,17500
254100,0.8605,32,0.8653,5567,26000
201000,0.9016,12,0.7415,10227,20000
201300,0.6782,12,0.5917,6256,17250
374600,0.646,22,0.6937,7328,22247.5
108102,0.9183,11,0.5765,10320,20229
386100,0.3786,13,0.789,6341,26798
746800,0.2292,11,0.3771,15105,27000
181500,0.467,13,0.5572,6340,27000
238800,0.8199,13,0.8647,7011,25190
341400,0.6386,21,0.704,8202,23250
221000,0.6465,22,0.6576,11024,25750
249900,0.5205,11,0.7439,7034,19950
161600,0.5751,12,0.7516,7399,23500
316800,0.4093,31,0.5935,5538,16000
282000,0.2374,11,0.3923,7426,24774
176700,0.2383,21,0.4557,6646,23000
202000,0.9968,13,0.6284,6141,21082.5
154100,0.601,32,0.783,4808,15085.5
338400,0.6674,13,0.8181,11042,27000
292300,0.8239,13,0.6898,11749,24360
352900,0.6466,12,0.7381,7065,20090.5
232900,0.5446,11,0.5501,13364,21393
321900,0.569,22,0.6316,8340,23334
345700,0.8675,13,0.7999,10695,25000
227300,0.6522,13,0.8388,10084,27000
383000,0.5948,33,0.8015,6326,26000
159000,0.9383,12,0.0421,5047,33202
174900,0.3521,11,0.4521,10315,23562.5
251600,0.7394,12,0.7923,11448,21647
326600,0.5684,12,0.7861,7759,27000
233700,0.6212,13,0.8708,12008,25000
117900,0.2762,21,0.254,7045,26865.5
189000,0.75,13,0.8522,9802,21039
319400,0.4194,31,0.6961,8930,22000
321000,0.7697,13,0.6774,10914,23000
108101,0.8571,11,0.5226,8436,20229
188300,0.9778,32,0.8356,8356,25962.5
189100,1,13,0.6723,6773,26000
303600,1,13,0.8276,7693,23316.5
245400,1,32,0.6538,7862,22983
332911,0.6263,31,0.8124,5428,27000
342800,0.6269,12,0.8136,8994,22251
255500,0.4549,11,0.8375,7123,27000
158600,1,21,0.3383,8735,27000
328700,0.4091,11,0.5475,9274,27000
124300,0.2484,11,0.1012,9347,25000
362100,0.4428,11,0.3789,9863,25000
171700,0.5313,32,0.7601,6867,28155
226000,0.5682,32,0.7924,8867,24425.5
239600,0.766,43,0.0226,6877,28000
295700,0.5224,11,0.5521,9844,26000
255400,0.5112,11,0.7012,8428,20000
205100,1,41,0.6103,6776,27000
259000,0.4747,32,0.8492,8848,26000
204400,0.6374,42,0.9486,10109,27000
339400,0.559,13,0.737,8243,26918
232700,0.5576,12,0.6778,8190,27500
299200,0.2315,41,0.834,5990,22722
317900,1,32,0.5477,7447,15864
237900,0.84,41,0.8099,13539,27000
358100,0.8128,12,0.4902,4753,22486
161000,0.7871,11,0.1782,19856,19000
189600,1,32,0.78,9632,27000
649400,0.7436,11,0.8385,12661,23750
108103,0.7627,11,0.5344,9648,20229
209500,0.7475,23,0.7296,13744,20962.5
373200,0.6715,13,0.7402,7905,21500
214000,0.8642,21,0.5202,6617,26000
365400,1,11,0.2917,11944,23823
343000,0.5108,12,0.5067,8566,27000
157000,0.7235,13,0.5477,5988,25125
379802,0.6051,21,0.4322,5335,15797
192600,0.7731,32,0.8076,6468,19557
224600,0.05,22,0.8059,5103,25458
379700,0.8537,12,0.7467,18755,23500
218300,1,21,0.7828,5945,24500
332913,0.5137,21,0.5039,3557,27000
254400,0.6905,32,0.8233,10364,22158.5
134100,0.6009,22,0.6515,14047,24954
398600,0.3381,41,0.7637,8954,26500
112500,0.4975,11,0.4068,8080,27000
332200,0.9504,31,0.7866,8776,26000
398500,0.5985,11,0.4934,8754,27000
3091300,0.9444,11,0.6124,7864,25000
358800,1,23,0.5742,8668,25851.5
197700,0.7426,33,0.8192,8075,20907.5
231400,0.4016,41,0.7208,6283,27000
140900,0.9724,13,0.5366,11708,27000
329800,0.5491,21,0.8474,10514,25989.5
115600,0.4395,21,0.5105,7664,17881
258900,0.6357,23,0.8125,10676,27000
376400,0.6532,21,0.0268,8139,28685.5
260700,0.3833,21,0.2556,7993,26250
180000,1,32,0.7537,6263,22375
222600,0.6612,12,0.7421,9678,27000
831000,0.9538,12,0.5328,6837,21335
337902,0.9133,23,0.8921,6320,26813.5
293300,1,12,0.8146,9376,23250
268100,0.4784,11,0.7445,9078,25000
181700,0.9955,21,0.861,6754,22500
392000,0.7029,13,0.8731,7368,23982
226800,0.6458,21,0.8325,8086,25500
321200,0.7005,21,0.5255,12254,26604
135000,0.6797,12,0.7467,10857,21000
313500,1,21,0.7687,7468,28000
260701,0.3312,21,0.5905,11908,26250
2075800,0.3562,11,0.2129,12626,39500
283200,0.3675,21,0.5527,7969,23250
383800,0.3757,13,0.8596,6015,27000
139700,0.4187,21,0.5927,8446,27000
318000,0.382,21,0.4496,3752,25000
119600,0.3198,13,0.3287,14391,27000
189200,0.8637,13,0.6823,14593,21612
342100,0.7427,13,0.7697,6692,19000
373400,1,13,0.6733,14248,27000
332904,0.5714,21,0.7504,5448,27000
163400,0.2733,21,0.5705,4736,21677.5
244000,0.7845,33,0.7735,14232,20500
332912,0.5909,41,0.8868,6137,27000
322700,0.8327,12,0.6167,13307,23500
318400,0.8207,22,0.626,12188,19500
367500,0.8191,12,0.7051,12899,15000
332000,0.7872,13,0.6462,7383,24250
175800,0.8508,13,0.633,15675,22250
389200,0.7405,22,0.9001,8114,27000
392600,0.8019,32,0.8394,6055,25000
290300,0.591,11,0.9364,33568,19000
111700,0.386,21,0.4714,10128,22500
372800,0.9592,12,0.5004,8498,23178.5
259900,1,21,0.5633,5579,25437.5
105500,0.6221,12,0.6988,10211,24097
332920,0.6469,21,0.5939,5788,27000
380000,0.7776,32,0.6499,9952,20500
357500,1,33,0.6297,7529,25125
234100,0.8644,22,0.8109,11311,26000
237700,0.6418,13,0.7464,7329,23185
271800,0.4294,13,0.67,8318,27000
135800,0.4945,13,0.7177,5710,22000
184200,0.6987,21,0.7333,10528,27000
354100,0.7571,13,0.5225,7413,21319.5
180700,0.7361,13,0.6637,7289,23713
205300,0.656,23,0.8176,10098,26150
373700,0.5734,13,0.6512,9066,25000
640400,0.8485,11,0.8598,9321,24688
198700,0.8571,11,0.8028,9988,27000
720600,1,21,0,6168,4500
222500,1,11,0.607,9040,27000
2358000,1,42,0.7063,11783,16500
347900,0.4939,11,0.8049,9317,22707
299700,0.978,12,0.8703,8329,24000
109900,1,13,0.7753,11426,25500
346600,0.9043,33,0.8435,6889,24847
305000,0.9951,21,0.8534,9268,27000
179500,0.6289,12,0.7568,10614,26450
383700,0.2588,21,0.5647,4521,27000
275100,0.4072,21,0.4701,10578,25499
332600,0.7182,31,0.7922,8947,25000
102000,0.6852,13,0.6834,7283,23000
314500,0.9977,13,0.7627,7275,27000
183600,0.6763,21,0.7825,14546,27000
105700,0.6305,12,0.6149,10870,24711
332918,0.5146,22,0.6593,5599,27000
195400,0.4337,21,0.8447,8774,25000
378800,0.5536,11,0.6277,10181,25000
349000,0.6186,11,0.0069,8400,27000
100900,0.8816,13,0.8507,11704,21831
339100,0.2967,32,0.9107,8616,27000
363900,0.6372,32,0.1986,6289,20000
1116300,0.786,13,0.5948,8851,18345
332908,0.6282,41,0.8814,5388,27000
391700,0.8314,13,0.8903,7221,23304
202400,0.82,13,0.6688,5717,21313
332917,0.6667,41,0.8682,5338,27000
253200,0.6271,33,0.8506,7321,24854
256800,0.9514,12,0.624,15140,18733
221800,0.4705,11,0.3917,9476,27000
205400,0.4668,13,0.8148,9665,22913
372400,0.4134,12,0.4187,8835,25000
216500,0.9898,11,0.4194,9636,27000
158200,0.761,11,5E-04,11327,27000
233000,0.6256,13,0.732,10047,26587
255100,0.7522,32,0.7935,7658,20700
137000,0.6936,13,0.7225,14987,19500
261000,0.4869,21,0.3481,8792,25000
361200,0.5258,11,0.1726,4396,19003
236700,0.6179,22,0.7773,7267,22250
346300,0.679,32,0.8418,8374,24750
303200,0.4812,11,0.6322,8111,22656
257500,0.2965,41,0.7579,8643,27000
108100,0.8611,12,0.5457,9671,20229
305100,0.8552,21,0.7504,7718,25997
197600,0.7906,33,0.9027,7086,25000
114200,0.5006,12,0.1588,6809,17500
379801,0.7209,12,0.4488,5539,15797
344600,1,32,0.0236,9363,34500
380200,0.6543,13,0.7424,8911,19500
1116100,0.6743,11,0.383,6456,23000
155900,0.6064,11,4E-04,8160,31000
332921,0.5,21,0.6462,4357,27000
250100,1,13,0.7839,6658,22105
146800,1,21,0.0924,7797,22452
279100,1,11,0.501,10470,25000
250300,0.6675,12,0.8114,6932,22313
332902,0.5301,21,0.6516,4578,27000
365100,0.5931,12,0.6556,8643,23250
318100,1,33,0.6724,8087,16675
355700,0.9726,11,0.4767,6097,25680.5
364600,0.9726,12,0.4054,6844,20000
188700,0.5263,31,0.8796,8297,27000
160500,1,11,0.1706,8320,22000
194600,1,33,0.678,5332,21500
205000,0.5551,22,0.7406,10350,27000
105200,0.9072,12,0.5922,17920,21941.5
382700,0.7643,13,0.814,11703,23969
251700,0.7688,33,0.7773,13337,25000
332909,0.7105,23,0.589,5676,27000
300500,0.9432,13,0.8151,15698,24000
501500,0.7348,22,0.6944,6246,22899
2070500,0.3537,12,0.4628,5536,22589
330100,1,13,0.757,11700,27000
108900,1,33,0.7751,4516,17480
377100,0.6579,32,0.6151,8475,21500
267000,0.8444,21,0.8807,5281,17772
234500,0.4967,11,0.8166,13637,26722.5
273700,0.493,21,0.5816,8094,25400
332905,0.8062,22,0.8008,5366,27000
214300,0.2569,21,0.6862,10358,26000
256900,1,12,0.3663,8805,19000
186900,0.8459,13,0.765,9179,24365
175900,0.7029,21,0.7406,12666,21875
209200,0.7683,21,0.7459,19343,27000
993000,0.5755,13,0.4065,8174,13750
140100,0.114,22,0.3582,2508,26512
389900,0.6747,12,0.8639,6040,21065
4193700,0.625,21,0.559,10134,25748.5
222800,0.388,11,0.5975,12496,27000
303300,1,21,0.8004,7648,28000
331500,0.8469,13,0.8095,8464,26000
194000,1,32,0.6165,5360,25450
347000,0.8523,13,0.839,10832,27000
183800,0.6154,32,0.8652,10270,24500
332903,0.6611,13,0.7605,4372,27000
200500,1,13,0.6739,5685,20308
215300,0.9231,21,0.754,10259,27000
392500,0.8182,22,0.8283,7920,23375
277800,0.3371,21,0.6264,7611,25941.5
332907,0.6833,33,0.9184,6485,27000
303900,0.2907,11,0.6798,10539,27000
332906,0.5714,21,0.6991,4390,27000
320900,0.5899,31,0.6784,8300,24500
196400,0.6622,31,0.7963,8363,27000
347400,0.7522,32,0.87,9166,24250
379400,0.387,22,0.5638,7237,24887
109400,1,33,0.6713,9797,24200
174500,0.4524,33,0.7126,5645,22727.5
376700,0.7286,11,0.561,9304,27000
350000,1,13,0.7887,5604,27723.5
647700,0.4493,13,0.8594,7284,15800
347800,1,12,0.6468,7338,23202
392400,0.8004,32,0.8822,6811,24922
308500,0.9844,21,0.656,4643,27000
392300,0.6556,32,0.8907,6743,24124
389600,0.6856,11,0.6933,8619,25000
331600,0.6974,23,0.7818,7490,25000
360200,0.25,11,0.0147,3540,38125
177100,0.5742,21,0.6896,10457,26196.5
201600,0.7265,11,0.5095,12082,25500
300800,0.6333,33,0.8067,11284,21550
315200,0.9801,21,0.5824,8494,21325
1212300,0.756,21,0.0084,5603,5500
246400,0.3348,21,0.6878,8353,26959
330300,1,11,0.5926,7288,27000
332400,0.6359,32,0.8169,9456,27000
927500,0.9701,21,0.8218,7407,24184
253100,0.7119,33,0.7816,9707,20667
391500,0.6973,32,0.8771,7528,25000
135300,0.7544,32,0.5497,6479,19621.5
182800,0.9554,11,0.8295,7804,25500
229300,0.8906,33,0.7926,7893,24454
236900,0.3462,11,0.611,6438,25500
194800,0.7843,13,0.7349,17259,19793
368300,0.9709,32,0.8534,7639,25000
348700,0.6785,13,0.8361,12995,20000
347100,0.8089,33,0.8935,7951,25245
328000,0.261,21,0.7582,6411,25789.5
240300,0.7176,33,0.5914,7064,22500
155800,0.513,13,0.6643,6533,16500
450900,0.6141,11,0.6733,7093,21187.5
331800,0.7301,33,0.8404,7999,26000
253600,0.7007,13,0.7967,8367,23431
2234500,1,21,0.8663,6926,19596
136500,0.4695,12,0.4987,5205,20500
161700,0.6324,22,0.6415,6695,27000
330600,1,21,0.5752,6596,27000
726300,0.4375,21,0.6758,5319,25000
357800,0.447,11,0.1918,6935,27000
200100,0.5891,21,0.7377,6692,27000
200200,0.6635,13,0.7624,8290,24010.5
1258000,0.4706,21,0.6024,6464,27000
332300,0.9203,32,0.8496,7851,27000
349200,0.9688,32,0.8588,6658,26000
362500,0.6503,33,0.2393,6409,15250
233600,0.5848,33,0.8536,5853,21500
361000,0.6325,33,0.5974,7053,25000
374200,0.7731,22,0.7077,21942,25500
242200,0.6637,33,0.5622,6554,14560
339200,1,31,0.7942,8960,27000
369300,0.5238,41,0.5941,4560,24750
319800,0.9286,32,0.636,13440,25000
273400,0.7214,43,0.7901,10197,25500
398700,0.328,21,0.6194,6178,25000
398800,0.3493,21,0.5317,5736,27000
345900,0.8481,32,0.8361,5968,25625
109200,0.7507,13,0.6545,6788,21500
269800,0.3445,11,0.4868,8302,14666
358600,0.5435,12,0.6821,6404,23628.5
392100,0.8171,32,0.912,6008,24000
352300,1,33,0.8032,7404,15587
313100,0.7085,11,0.691,12241,24000
327700,0.7071,32,0.7631,9021,27000
182200,1,32,0.7531,3941,24160
187300,0.7468,13,0.8351,6733,27000
270300,0.4278,11,0.2843,8693,27000
884900,0.9474,13,0.6054,7901,24750
314200,0.9863,41,0.7784,6349,27058
905800,0.3863,21,0.8478,8633,24069
372300,0.2976,13,0.5656,8542,27500
368800,1,42,0.8401,8716,26000
312300,0.5127,12,0.7406,9013,26000
368100,1,12,0.7153,11475,25000
248800,1,13,0.7794,6657,21000
136300,0.317,11,0.5895,6455,23000
188900,1,13,0.8123,9031,26000
378300,0.2405,21,0.6827,8442,23724.5
159700,1,41,0.8422,3807,23500
348400,1,21,0.8687,8640,21441
183200,0.4732,11,0.8007,7011,25750
394600,1,33,0.0533,9696,15150
180300,1,32,0.8651,9279,26745
315400,1,33,0.5803,6827,18010
346900,1,12,0.8854,6919,23489
236100,0.8161,32,0.9409,8476,22194
137200,0.7871,33,0.7541,8328,21421
190400,1,33,0.6217,4923,27000
393200,0.9361,33,0.7791,14616,18750
366300,1,33,0.4319,7435,18875
1025600,0.6522,32,0.787,6322,26000
335100,0.4615,21,0.7342,7527,27000
367700,0.953,13,0.8085,8365,13000
370300,0.4444,32,0.6611,4143,18873
382200,0.51,31,0.8315,6032,22478
186700,0.447,12,0.7294,6321,23848.5
815500,0.7379,22,0.6515,8785,17264
162100,0.983,13,0.8213,6996,22250
109700,0.7419,32,0.8299,9684,26077
368900,1,33,0.8381,7807,27000
193300,0.7119,33,0.6737,8340,25000
332100,0.8495,31,0.8153,9407,27000
279000,0.4902,21,0.2189,7724,25000
162500,0.3473,32,0.8011,4263,11000
2270400,0.875,21,0.6176,4617,24000
3115500,0.9898,12,0.4551,8494,22702
177200,0.2768,21,0.6161,9396,27000
183500,0.2941,41,0.7212,10603,28000
198000,0.75,33,0.8247,6131,23000
245000,0.4677,11,0.8044,6264,19399
2090700,0.7647,12,0.4468,8373,9062.5
253300,0.7159,33,0.768,7771,15873
3516300,0.0946,21,0.6152,4865,26500